Maria Perez,Sol Perez
Maria Perez,Sol Perez
Maria Perez,Sol Perez
Maria Perez,Sol Perez
Maria Perez,Sol Perez
Maria Perez,Sol Perez
Maria Perez,Sol Perez
Maria Perez,Sol Perez
Maria Perez,Sol Perez
Maria Perez,Sol Perez
Maria Perez,Sol Perez
Maria Perez,Sol Perez
Maria Perez,Sol Perez
Maria Perez,Sol Perez
Maria Perez,Sol Perez
Maria Perez,Sol Perez
Maria Perez,Sol Perez
Maria Perez,Sol Perez
Maria Perez,Sol Perez
Maria Perez,Sol Perez
Maria Perez,Sol Perez
Maria Perez,Sol Perez
Maria Perez,Sol Perez
Maria Perez,Sol Perez
Maria Perez,Sol Perez
Maria Perez,Sol Perez
Maria Perez,Sol Perez
